<?xml version="1.0" encoding="UTF-8"?>
<config xmlns="http://www.knime.org/2008/09/XMLConfig" xmlns:xsi="http://www.w3.org/2001/XMLSchema-instance" xsi:schemaLocation="http://www.knime.org/2008/09/XMLConfig http://www.knime.org/XMLConfig_2008_09.xsd" key="MiningSchema">
<config key="learning">
<entry key="array-size" type="xint" value="17"/>
<entry key="0" type="xstring" value="id"/>
<entry key="1" type="xstring" value="longitude"/>
<entry key="2" type="xstring" value="latitude"/>
<entry key="3" type="xstring" value="minutes_taken"/>
<entry key="4" type="xstring" value="hour_taken"/>
<entry key="5" type="xstring" value="day_taken"/>
<entry key="6" type="xstring" value="month_taken"/>
<entry key="7" type="xstring" value="year_taken"/>
<entry key="8" type="xstring" value="hour_uploaded"/>
<entry key="9" type="xstring" value="day_uploaded"/>
<entry key="10" type="xstring" value="month_uploaded"/>
<entry key="11" type="xstring" value="year_uploaded"/>
<entry key="12" type="xstring" value="PCA dimension 0"/>
<entry key="13" type="xstring" value="PCA dimension 1"/>
<entry key="14" type="xstring" value="PCA dimension 2"/>
<entry key="15" type="xstring" value="PCA dimension 3"/>
<entry key="16" type="xstring" value="PCA dimension 4"/>
</config>
<config key="target">
<entry key="array-size" type="xint" value="0"/>
</config>
</config>
